"","v_name","seasonYear","ratio"
"1","ANA",2000,0.273148148148148
"2","ANA",2001,0.228654124457308
"3","ANA",2002,0.1786133960047
"4","ANA",2003,0.203804347826087
"5","ANA",2004,0.19377990430622
"6","ANA",2005,0.193166885676741
"7","ANA",2006,0.20757180156658
"8","ANA",2007,0.14963503649635
"9","ANA",2008,0.207843137254902
"10","ANA",2009,0.195922989807475
"11","ANA",2010,0.227606461086637
"12","ANA",2011,0.232383808095952
"13","ANA",2012,0.24380704041721
"14","ANA",2013,0.223738062755798
"15","ANA",2014,0.200517464424321
"16","ANA",2015,0.266263237518911
"17","ANA",2016,0.217573221757322
"18","ARI",2000,0.226010101010101
"19","ARI",2001,0.254278728606357
"20","ARI",2002,0.201465201465201
"21","ARI",2003,0.211994421199442
"22","ARI",2004,0.219512195121951
"23","ARI",2005,0.274425287356322
"24","ARI",2006,0.206985769728331
"25","ARI",2007,0.240168539325843
"26","ARI",2008,0.220833333333333
"27","ARI",2009,0.240277777777778
"28","ARI",2010,0.252454417952314
"29","ARI",2011,0.235294117647059
"30","ARI",2012,0.224795640326975
"31","ARI",2013,0.18978102189781
"32","ARI",2014,0.191869918699187
"33","ARI",2015,0.213888888888889
"34","ARI",2016,0.252659574468085
"35","ATL",1966,0.264705882352941
"36","ATL",1967,0.250396196513471
"37","ATL",1968,0.155642023346304
"38","ATL",1969,0.204052098408104
"39","ATL",1980,0.228571428571429
"40","ATL",1981,0.162025316455696
"41","ATL",1982,0.197564276048714
"42","ATL",1983,0.17426273458445
"43","ATL",1984,0.175632911392405
"44","ATL",1985,0.199367088607595
"45","ATL",1986,0.224390243902439
"46","ATL",1987,0.203480589022758
"47","ATL",1988,0.172972972972973
"48","ATL",1989,0.219178082191781
"49","ATL",2000,0.220987654320988
"50","ATL",2001,0.238683127572016
"51","ATL",2002,0.231638418079096
"52","ATL",2003,0.25909592061742
"53","ATL",2004,0.221668742216687
"54","ATL",2005,0.23927178153446
"55","ATL",2006,0.261484098939929
"56","ATL",2007,0.217283950617284
"57","ATL",2008,0.172642762284197
"58","ATL",2009,0.202721088435374
"59","ATL",2010,0.188346883468835
"60","ATL",2011,0.269890795631825
"61","ATL",2012,0.212857142857143
"62","ATL",2013,0.263081395348837
"63","ATL",2014,0.214659685863874
"64","ATL",2015,0.174520069808028
"65","ATL",2016,0.187981510015408
"66","BAL",1954,0.107660455486542
"67","BAL",1955,0.1
"68","BAL",1956,0.159369527145359
"69","BAL",1957,0.14572864321608
"70","BAL",1958,0.207293666026871
"71","BAL",1959,0.197822141560799
"72","BAL",1960,0.180351906158358
"73","BAL",1961,0.215629522431259
"74","BAL",1962,0.239263803680982
"75","BAL",1963,0.226708074534162
"76","BAL",1964,0.238586156111929
"77","BAL",1965,0.195007800312012
"78","BAL",1966,0.231788079470199
"79","BAL",1967,0.211009174311927
"80","BAL",1968,0.229706390328152
"81","BAL",1969,0.224646983311938
"82","BAL",1980,0.193788819875776
"83","BAL",1981,0.205128205128205
"84","BAL",1982,0.231266149870801
"85","BAL",1983,0.21026282853567
"86","BAL",1984,0.234948604992658
"87","BAL",1985,0.26161369193154
"88","BAL",1986,0.238700564971751
"89","BAL",1987,0.289437585733882
"90","BAL",1988,0.249090909090909
"91","BAL",1989,0.182203389830508
"92","BAL",2000,0.231738035264484
"93","BAL",2001,0.197962154294032
"94","BAL",2002,0.247376311844078
"95","BAL",2003,0.204576043068641
"96","BAL",2004,0.200712589073634
"97","BAL",2005,0.259259259259259
"98","BAL",2006,0.213541666666667
"99","BAL",2007,0.187830687830688
"100","BAL",2008,0.219948849104859
"101","BAL",2009,0.215924426450742
"102","BAL",2010,0.216965742251224
"103","BAL",2011,0.269774011299435
"104","BAL",2012,0.300561797752809
"105","BAL",2013,0.284563758389262
"106","BAL",2014,0.299290780141844
"107","BAL",2015,0.304347826086957
"108","BAL",2016,0.34005376344086
"109","BLF",1914,0.0496124031007752
"110","BLF",1915,0.0654545454545455
"111","BOS",1910,0.0670826833073323
"112","BOS",1911,0.0514705882352941
"113","BOS",1912,0.0362953692115144
"114","BOS",1913,0.0269413629160063
"115","BOS",1914,0.0305602716468591
"116","BOS",1915,0.0209267563527653
"117","BOS",1916,0.0254545454545455
"118","BOS",1917,0.0252252252252252
"119","BOS",1918,0.0316455696202532
"120","BOS",1919,0.0585106382978723
"121","BOS",1920,0.0338461538461538
"122","BOS",1921,0.0254491017964072
"123","BOS",1922,0.0752508361204013
"124","BOS",1923,0.0582191780821918
"125","BOS",1924,0.0408163265306122
"126","BOS",1925,0.0641627543035994
"127","BOS",1926,0.0569395017793594
"128","BOS",1927,0.0469011725293132
"129","BOS",1928,0.0645161290322581
"130","BOS",1929,0.0462809917355372
"131","BOS",1930,0.076797385620915
"132","BOS",1931,0.0592
"133","BOS",1932,0.0936395759717314
"134","BOS",1933,0.0714285714285714
"135","BOS",1934,0.0621951219512195
"136","BOS",1935,0.096100278551532
"137","BOS",1936,0.110967741935484
"138","BOS",1937,0.121802679658953
"139","BOS",1938,0.108647450110865
"140","BOS",1939,0.139325842696629
"141","BOS",1940,0.166284403669725
"142","BOS",1941,0.143352601156069
"143","BOS",1942,0.135348226018397
"144","BOS",1943,0.101243339253996
"145","BOS",1944,0.0933694181326116
"146","BOS",1945,0.0834724540901502
"147","BOS",1946,0.137626262626263
"148","BOS",1947,0.143055555555556
"149","BOS",1948,0.133406835722161
"150","BOS",1949,0.146205357142857
"151","BOS",1950,0.156767283349562
"152","BOS",1951,0.157960199004975
"153","BOS",1952,0.169161676646707
"154","BOS",1953,0.153963414634146
"155","BOS",1954,0.175714285714286
"156","BOS",1955,0.181456953642384
"157","BOS",1956,0.178205128205128
"158","BOS",1957,0.212205270457698
"159","BOS",1958,0.222381635581062
"160","BOS",1959,0.172176308539945
"161","BOS",1960,0.188449848024316
"162","BOS",1961,0.15363511659808
"163","BOS",1962,0.206506364922207
"164","BOS",1963,0.256756756756757
"165","BOS",1964,0.270348837209302
"166","BOS",1965,0.246636771300448
"167","BOS",1966,0.221374045801527
"168","BOS",1967,0.218836565096953
"169","BOS",1968,0.203583061889251
"170","BOS",1969,0.26514131897712
"171","BOS",1980,0.214002642007926
"172","BOS",1981,0.173410404624277
"173","BOS",1982,0.180610889774236
"174","BOS",1983,0.196132596685083
"175","BOS",1984,0.223456790123457
"176","BOS",1985,0.2025
"177","BOS",1986,0.181360201511335
"178","BOS",1987,0.206650831353919
"179","BOS",1988,0.152521525215252
"180","BOS",1989,0.13953488372093
"181","BOS",2000,0.210858585858586
"182","BOS",2001,0.256476683937824
"183","BOS",2002,0.206053550640279
"184","BOS",2003,0.247658688865765
"185","BOS",2004,0.233930453108535
"186","BOS",2005,0.218681318681319
"187","BOS",2006,0.234146341463415
"188","BOS",2007,0.191464821222607
"189","BOS",2008,0.204733727810651
"190","BOS",2009,0.243119266055046
"191","BOS",2010,0.257946210268949
"192","BOS",2011,0.232
"193","BOS",2012,0.224795640326975
"194","BOS",2013,0.208675263774912
"195","BOS",2014,0.194006309148265
"196","BOS",2015,0.21524064171123
"197","BOS",2016,0.236902050113895
"198","BRF",1914,0.0634441087613293
"199","BRF",1915,0.0556414219474498
"200","BRO",1910,0.0503018108651912
"201","BRO",1911,0.051948051948052
"202","BRO",1912,0.0491551459293395
"203","BRO",1913,0.065546218487395
"204","BRO",1914,0.0498392282958199
"205","BRO",1915,0.0261194029850746
"206","BRO",1916,0.0478632478632479
"207","BRO",1917,0.0489236790606654
"208","BRO",1918,0.0277777777777778
"209","BRO",1919,0.0476190476190476
"210","BRO",1920,0.0424242424242424
"211","BRO",1921,0.088455772113943
"212","BRO",1922,0.0753701211305518
"213","BRO",1923,0.0823373173970783
"214","BRO",1924,0.100418410041841
"215","BRO",1925,0.0814249363867685
"216","BRO",1926,0.0642054574638844
"217","BRO",1927,0.0720887245841035
"218","BRO",1928,0.0992481203007519
"219","BRO",1929,0.13112582781457
"220","BRO",1930,0.140068886337543
"221","BRO",1931,0.104258443465492
"222","BRO",1932,0.146276595744681
"223","BRO",1933,0.100486223662885
"224","BRO",1934,0.105614973262032
"225","BRO",1935,0.0829817158931083
"226","BRO",1936,0.0498489425981873
"227","BRO",1937,0.0600649350649351
"228","BRO",1938,0.0866477272727273
"229","BRO",1939,0.110169491525424
"230","BRO",1940,0.133428981348637
"231","BRO",1941,0.12625
"232","BRO",1942,0.0835579514824798
"233","BRO",1943,0.0544692737430168
"234","BRO",1944,0.0811594202898551
"235","BRO",1945,0.0716981132075472
"236","BRO",1946,0.0784593437945792
"237","BRO",1947,0.107235142118863
"238","BRO",1948,0.122311827956989
"239","BRO",1949,0.17292377701934
"240","BRO",1950,0.229043683589138
"241","BRO",1951,0.215204678362573
"242","BRO",1952,0.19741935483871
"243","BRO",1953,0.217801047120419
"244","BRO",1954,0.239074550128535
"245","BRO",1955,0.234539089848308
"246","BRO",1956,0.248611111111111
"247","BRO",1957,0.21304347826087
"248","BSN",1910,0.0626262626262626
"249","BSN",1911,0.0529327610872675
"250","BSN",1912,0.0505050505050505
"251","BSN",1913,0.0499219968798752
"252","BSN",1914,0.0532724505327245
"253","BSN",1915,0.0292096219931271
"254","BSN",1916,0.040590405904059
"255","BSN",1917,0.041044776119403
"256","BSN",1918,0.0306603773584906
"257","BSN",1919,0.0516129032258065
"258","BSN",1920,0.0439770554493308
"259","BSN",1921,0.0846047156726768
"260","BSN",1922,0.0536912751677852
"261","BSN",1923,0.050314465408805
"262","BSN",1924,0.0480769230769231
"263","BSN",1925,0.057909604519774
"264","BSN",1926,0.0256410256410256
"265","BSN",1927,0.0568356374807988
"266","BSN",1928,0.0824088748019017
"267","BSN",1929,0.0502283105022831
"268","BSN",1930,0.0952380952380952
"269","BSN",1931,0.0637898686679174
"270","BSN",1932,0.0970724191063174
"271","BSN",1933,0.0978260869565217
"272","BSN",1934,0.121522693997072
"273","BSN",1935,0.130434782608696
"274","BSN",1936,0.106180665610143
"275","BSN",1937,0.10880829015544
"276","BSN",1938,0.0962566844919786
"277","BSN",1939,0.0979020979020979
"278","BSN",1940,0.0947030497592295
"279","BSN",1941,0.0810810810810811
"280","BSN",1942,0.132038834951456
"281","BSN",1943,0.0838709677419355
"282","BSN",1944,0.133220910623946
"283","BSN",1945,0.140083217753121
"284","BSN",1946,0.0698412698412698
"285","BSN",1947,0.121255349500713
"286","BSN",1948,0.128552097428958
"287","BSN",1949,0.145892351274788
"288","BSN",1950,0.188535031847134
"289","BSN",1951,0.179806362378976
"290","BSN",1952,0.193321616871705
"291","BUF",1914,0.0596774193548387
"292","BUF",1915,0.0696864111498258
"293","CAL",1965,0.174573055028463
"294","CAL",1966,0.201986754966887
"295","CAL",1967,0.201058201058201
"296","CAL",1968,0.166666666666667
"297","CAL",1969,0.166666666666667
"298","CAL",1980,0.151862464183381
"299","CAL",1981,0.203781512605042
"300","CAL",1982,0.228501228501229
"301","CAL",1983,0.213296398891967
"302","CAL",1984,0.21551724137931
"303","CAL",1985,0.209016393442623
"304","CAL",1986,0.212468193384224
"305","CAL",1987,0.223376623376623
"306","CAL",1988,0.173669467787115
"307","CAL",1989,0.216741405082212
"308","CHA",1910,0.0153172866520788
"309","CHA",1911,0.0278551532033426
"310","CHA",1912,0.02660406885759
"311","CHA",1913,0.0491803278688525
"312","CHA",1914,0.0390143737166324
"313","CHA",1915,0.0348675034867503
"314","CHA",1916,0.0282861896838602
"315","CHA",1917,0.0274809160305344
"316","CHA",1918,0.0175054704595186
"317","CHA",1919,0.0374812593703148
"318","CHA",1920,0.0465994962216625
"319","CHA",1921,0.0512445095168375
"320","CHA",1922,0.065123010130246
"321","CHA",1923,0.0606936416184971
"322","CHA",1924,0.051702395964691
"323","CHA",1925,0.0468557336621455
"324","CHA",1926,0.0438356164383562
"325","CHA",1927,0.054380664652568
"326","CHA",1928,0.0365853658536585
"327","CHA",1929,0.0590111642743222
"328","CHA",1930,0.0864197530864197
"329","CHA",1931,0.0383522727272727
"330","CHA",1932,0.0539730134932534
"331","CHA",1933,0.0629575402635432
"332","CHA",1934,0.100852272727273
"333","CHA",1935,0.100271002710027
"334","CHA",1936,0.0652173913043478
"335","CHA",1937,0.0858974358974359
"336","CHA",1938,0.0944992947813822
"337","CHA",1939,0.0847682119205298
"338","CHA",1940,0.0993197278911565
"339","CHA",1941,0.0736677115987461
"340","CHA",1942,0.0464684014869888
"341","CHA",1943,0.0575916230366492
"342","CHA",1944,0.0423572744014733
"343","CHA",1945,0.0369127516778524
"344","CHA",1946,0.0658362989323843
"345","CHA",1947,0.0958408679927667
"346","CHA",1948,0.0983899821109123
"347","CHA",1949,0.066358024691358
"348","CHA",1950,0.1488
"349","CHA",1951,0.120448179271709
"350","CHA",1952,0.131147540983607
"351","CHA",1953,0.103351955307263
"352","CHA",1954,0.132208157524613
"353","CHA",1955,0.16
"354","CHA",1956,0.164948453608247
"355","CHA",1957,0.14992927864215
"356","CHA",1958,0.159305993690852
"357","CHA",1959,0.144992526158445
"358","CHA",1960,0.15114709851552
"359","CHA",1961,0.180392156862745
"360","CHA",1962,0.13012729844413
"361","CHA",1963,0.166910688140556
"362","CHA",1964,0.165109034267913
"363","CHA",1965,0.193199381761978
"364","CHA",1966,0.151567944250871
"365","CHA",1967,0.167608286252354
"366","CHA",1968,0.153347732181425
"367","CHA",1969,0.1792
"368","CHA",1980,0.155025553662692
"369","CHA",1981,0.159663865546218
"370","CHA",1982,0.173027989821883
"371","CHA",1983,0.19625
"372","CHA",1984,0.253313696612666
"373","CHA",1985,0.198369565217391
"374","CHA",1986,0.187888198757764
"375","CHA",1987,0.231283422459893
"376","CHA",1988,0.20919175911252
"377","CHA",1989,0.135642135642136
"378","CHA",2000,0.220858895705521
"379","CHA",2001,0.268170426065163
"380","CHA",2002,0.253504672897196
"381","CHA",2003,0.278128950695322
"382","CHA",2004,0.279768786127168
"383","CHA",2005,0.269905533063428
"384","CHA",2006,0.271889400921659
"385","CHA",2007,0.274170274170274
"386","CHA",2008,0.289765721331689
"387","CHA",2009,0.25414364640884
"388","CHA",2010,0.235372340425532
"389","CHA",2011,0.235474006116208
"390","CHA",2012,0.282085561497326
"391","CHA",2013,0.247491638795987
"392","CHA",2014,0.234848484848485
"393","CHA",2015,0.218649517684887
"394","CHA",2016,0.244897959183673
"395","CHF",1914,0.0837359098228663
"396","CHF",1915,0.078003120124805
"397","CHN",1910,0.0478199718706048
"398","CHN",1911,0.071334214002642
"399","CHN",1912,0.0555555555555556
"400","CHN",1913,0.0818307905686547
"401","CHN",1914,0.0694214876033058
"402","CHN",1915,0.0929824561403509
"403","CHN",1916,0.0884615384615385
"404","CHN",1917,0.0307971014492754
"405","CHN",1918,0.0390334572490706
"406","CHN",1919,0.0462555066079295
"407","CHN",1920,0.0549273021001615
"408","CHN",1921,0.0553892215568862
"409","CHN",1922,0.0544747081712062
"410","CHN",1923,0.119047619047619
"411","CHN",1924,0.0945558739255014
"412","CHN",1925,0.118948824343015
"413","CHN",1926,0.0967741935483871
"414","CHN",1927,0.0986666666666667
"415","CHN",1928,0.128851540616246
"416","CHN",1929,0.141547861507128
"417","CHN",1930,0.171342685370741
"418","CHN",1931,0.101449275362319
"419","CHN",1932,0.0958333333333333
"420","CHN",1933,0.111455108359133
"421","CHN",1934,0.143262411347518
"422","CHN",1935,0.103896103896104
"423","CHN",1936,0.100662251655629
"424","CHN",1937,0.118372379778052
"425","CHN",1938,0.091164095371669
"426","CHN",1939,0.125690607734807
"427","CHN",1940,0.126284875183554
"428","CHN",1941,0.148648648648649
"429","CHN",1942,0.126903553299492
"430","CHN",1943,0.0822784810126582
"431","CHN",1944,0.101139601139601
"432","CHN",1945,0.0775510204081633
"433","CHN",1946,0.0894568690095847
"434","CHN",1947,0.124780316344464
"435","CHN",1948,0.14572864321608
"436","CHN",1949,0.163575042158516
"437","CHN",1950,0.250388802488336
"438","CHN",1951,0.167752442996743
"439","CHN",1952,0.170382165605096
"440","CHN",1953,0.216429699842022
"441","CHN",1954,0.227142857142857
"442","CHN",1955,0.261980830670927
"443","CHN",1956,0.23785594639866
"444","CHN",1957,0.234076433121019
"445","CHN",1958,0.256699576868829
"446","CHN",1959,0.242199108469539
"447","CHN",1960,0.187697160883281
"448","CHN",1961,0.25544267053701
"449","CHN",1962,0.199367088607595
"450","CHN",1963,0.22280701754386
"451","CHN",1964,0.223420647149461
"452","CHN",1965,0.211023622047244
"453","CHN",1966,0.217391304347826
"454","CHN",1967,0.182336182336182
"455","CHN",1968,0.212418300653595
"456","CHN",1969,0.197222222222222
"457","CHN",1980,0.174267100977199
"458","CHN",1981,0.154054054054054
"459","CHN",1982,0.150887573964497
"460","CHN",1983,0.199714693295292
"461","CHN",1984,0.178477690288714
"462","CHN",1985,0.21865889212828
"463","CHN",1986,0.227941176470588
"464","CHN",1987,0.290277777777778
"465","CHN",1988,0.171212121212121
"466","CHN",1989,0.176638176638177
"467","CHN",2000,0.239528795811518
"468","CHN",2001,0.24967824967825
"469","CHN",2002,0.28328611898017
"470","CHN",2003,0.237569060773481
"471","CHN",2004,0.297845373891001
"472","CHN",2005,0.275960170697013
"473","CHN",2006,0.231843575418994
"474","CHN",2007,0.200797872340426
"475","CHN",2008,0.215204678362573
"476","CHN",2009,0.227722772277228
"477","CHN",2010,0.217518248175182
"478","CHN",2011,0.226299694189602
"479","CHN",2012,0.223491027732463
"480","CHN",2013,0.285714285714286
"481","CHN",2014,0.255700325732899
"482","CHN",2015,0.248185776487663
"483","CHN",2016,0.246287128712871
"484","CIN",1910,0.0370967741935484
"485","CIN",1911,0.030791788856305
"486","CIN",1912,0.0320121951219512
"487","CIN",1913,0.0444810543657331
"488","CIN",1914,0.030188679245283
"489","CIN",1915,0.0290697674418605
"490","CIN",1916,0.0277227722772277
"491","CIN",1917,0.043261231281198
"492","CIN",1918,0.0283018867924528
"493","CIN",1919,0.0346620450606586
"494","CIN",1920,0.028169014084507
"495","CIN",1921,0.0323624595469256
"496","CIN",1922,0.0587467362924282
"497","CIN",1923,0.0635593220338983
"498","CIN",1924,0.0554699537750385
"499","CIN",1925,0.063768115942029
"500","CIN",1926,0.0468540829986613
"501","CIN",1927,0.0451010886469673
"502","CIN",1928,0.0493827160493827
"503","CIN",1929,0.0495626822157434
"504","CIN",1930,0.111278195488722
"505","CIN",1931,0.035472972972973
"506","CIN",1932,0.0817391304347826
"507","CIN",1933,0.0685483870967742
"508","CIN",1934,0.0932203389830508
"509","CIN",1935,0.113003095975232
"510","CIN",1936,0.113573407202216
"511","CIN",1937,0.119281045751634
"512","CIN",1938,0.152143845089903
"513","CIN",1939,0.127770534550196
"514","CIN",1940,0.125884016973126
"515","CIN",1941,0.103896103896104
"516","CIN",1942,0.125237191650854
"517","CIN",1943,0.0707236842105263
"518","CIN",1944,0.0890052356020942
"519","CIN",1945,0.104477611940299
"520","CIN",1946,0.124282982791587
"521","CIN",1947,0.139500734214391
"522","CIN",1948,0.17687074829932
"523","CIN",1949,0.137161084529506
"524","CIN",1950,0.151376146788991
"525","CIN",1951,0.15742397137746
"526","CIN",1952,0.169105691056911
"527","CIN",1953,0.23249299719888
"528","CIN",1954,0.201646090534979
"529","CIN",1955,0.23784494086728
"530","CIN",1956,0.285161290322581
"531","CIN",1957,0.250334672021419
"532","CIN",1958,0.176978417266187
"533","CIN",1959,0.210732984293194
"534","CIN",1960,0.21875
"535","CIN",1961,0.222535211267606
"536","CIN",1962,0.208229426433915
"537","CIN",1963,0.188271604938272
"538","CIN",1964,0.196969696969697
"539","CIN",1965,0.221818181818182
"540","CIN",1966,0.215317919075144
"541","CIN",1967,0.18046357615894
"542","CIN",1968,0.153623188405797
"543","CIN",1969,0.214285714285714
"544","CIN",1980,0.15983026874116
"545","CIN",1981,0.137931034482759
"546","CIN",1982,0.15045871559633
"547","CIN",1983,0.171749598715891
"548","CIN",1984,0.169059011164274
"549","CIN",1985,0.168389955686854
"550","CIN",1986,0.19672131147541
"551","CIN",1987,0.245210727969349
"552","CIN",1988,0.190327613104524
"553","CIN",1989,0.20253164556962
"554","CIN",2000,0.242424242424242
"555","CIN",2001,0.239455782312925
"556","CIN",2002,0.23836389280677
"557","CIN",2003,0.262247838616715
"558","CIN",2004,0.258666666666667
"559","CIN",2005,0.270731707317073
"560","CIN",2006,0.289719626168224
"561","CIN",2007,0.260536398467433
"562","CIN",2008,0.265625
"563","CIN",2009,0.234769687964339
"564","CIN",2010,0.237974683544304
"565","CIN",2011,0.248979591836735
"566","CIN",2012,0.257100149476831
"567","CIN",2013,0.222063037249284
"568","CIN",2014,0.220168067226891
"569","CIN",2015,0.2609375
"570","CIN",2016,0.229050279329609
"571","CLE",1910,0.0164233576642336
"572","CLE",1911,0.0288600288600289
"573","CLE",1912,0.017725258493353
"574","CLE",1913,0.0252764612954186
"575","CLE",1914,0.0185873605947955
"576","CLE",1915,0.0371057513914657
"577","CLE",1916,0.0253968253968254
"578","CLE",1917,0.0222602739726027
"579","CLE",1918,0.0178571428571429
"580","CLE",1919,0.0377358490566038
"581","CLE",1920,0.0408878504672897
"582","CLE",1921,0.0454054054054054
"583","CLE",1922,0.0416666666666667
"584","CLE",1923,0.0664414414414414
"585","CLE",1924,0.0543046357615894
"586","CLE",1925,0.0664961636828645
"587","CLE",1926,0.0365853658536585
"588","CLE",1927,0.0389221556886228
"589","CLE",1928,0.0504451038575668
"590","CLE",1929,0.0864714086471409
"591","CLE",1930,0.0808988764044944
"592","CLE",1931,0.080225988700565
"593","CLE",1932,0.0923076923076923
"594","CLE",1933,0.0764525993883792
"595","CLE",1934,0.122850122850123
"596","CLE",1935,0.119845360824742
"597","CLE",1936,0.133550488599349
"598","CLE",1937,0.126070991432069
"599","CLE",1938,0.133412042502952
"600","CLE",1939,0.106649937264743
"601","CLE",1940,0.142253521126761
"602","CLE",1941,0.152141802067947
"603","CLE",1942,0.0847457627118644
"604","CLE",1943,0.0916666666666667
"605","CLE",1944,0.108864696734059
"606","CLE",1945,0.116696588868941
"607","CLE",1946,0.147113594040968
"608","CLE",1947,0.163027656477438
"609","CLE",1948,0.18452380952381
"610","CLE",1949,0.165925925925926
"611","CLE",1950,0.203473945409429
"612","CLE",1951,0.201149425287356
"613","CLE",1952,0.193971166448231
"614","CLE",1953,0.207792207792208
"615","CLE",1954,0.20911528150134
"616","CLE",1955,0.212034383954155
"617","CLE",1956,0.214887640449438
"618","CLE",1957,0.205278592375367
"619","CLE",1958,0.231988472622478
"620","CLE",1959,0.224161073825503
"621","CLE",1960,0.190404797601199
"622","CLE",1961,0.203527815468114
"623","CLE",1962,0.263929618768328
"624","CLE",1963,0.266141732283465
"625","CLE",1964,0.238026124818578
"626","CLE",1965,0.235294117647059
"627","CLE",1966,0.270034843205575
"628","CLE",1967,0.234347048300537
"629","CLE",1968,0.145348837209302
"630","CLE",1969,0.207678883071553
"631","CLE",1980,0.12059620596206
"632","CLE",1981,0.0904872389791183
"633","CLE",1982,0.159590043923865
"634","CLE",1983,0.122159090909091
"635","CLE",1984,0.161629434954008
"636","CLE",1985,0.159122085048011
"637","CLE",1986,0.188929001203369
"638","CLE",1987,0.252021563342318
"639","CLE",1988,0.201201201201201
"640","CLE",1989,0.210264900662252
"641","CLE",2000,0.232631578947368
"642","CLE",2001,0.236343366778149
"643","CLE",2002,0.259810554803789
"644","CLE",2003,0.226037195994278
"645","CLE",2004,0.214452214452214
"646","CLE",2005,0.262025316455696
"647","CLE",2006,0.225287356321839
"648","CLE",2007,0.219482120838471
"649","CLE",2008,0.212422360248447
"650","CLE",2009,0.208279430789133
"651","CLE",2010,0.198142414860681
"652","CLE",2011,0.21875
"653","CLE",2012,0.203898050974513
"654","CLE",2013,0.229530201342282
"655","CLE",2014,0.212257100149477
"656","CLE",2015,0.210762331838565
"657","CLE",2016,0.238095238095238
"658","COL",2000,0.166322314049587
"659","COL",2001,0.230769230769231
"660","COL",2002,0.195372750642674
"661","COL",2003,0.232121922626026
"662","COL",2004,0.24249699879952
"663","COL",2005,0.202702702702703
"664","COL",2006,0.193111931119311
"665","COL",2007,0.198837209302326
"666","COL",2008,0.214190093708166
"667","COL",2009,0.236318407960199
"668","COL",2010,0.224675324675325
"669","COL",2011,0.221768707482993
"670","COL",2012,0.218997361477573
"671","COL",2013,0.225212464589235
"672","COL",2014,0.24635761589404
"673","COL",2015,0.252374491180461
"674","COL",2016,0.241420118343195
"675","DET",1910,0.0412371134020619
"676","DET",1911,0.036101083032491
"677","DET",1912,0.0263888888888889
"678","DET",1913,0.0384
"679","DET",1914,0.040650406504065
"680","DET",1915,0.0295629820051414
"681","DET",1916,0.0253731343283582
"682","DET",1917,0.0391236306729265
"683","DET",1918,0.0273109243697479
"684","DET",1919,0.0372168284789644
"685","DET",1920,0.0460122699386503
"686","DET",1921,0.0653889515219842
"687","DET",1922,0.0652173913043478
"688","DET",1923,0.049338146811071
"689","DET",1924,0.0412249705535925
"690","DET",1925,0.0553709856035437
"691","DET",1926,0.0453972257250946
"692","DET",1927,0.0603550295857988
"693","DET",1928,0.0833333333333333
"694","DET",1929,0.118790496760259
"695","DET",1930,0.104725415070243
"696","DET",1931,0.0660522273425499
"697","DET",1932,0.100125156445557
"698","DET",1933,0.0789473684210526
"699","DET",1934,0.0772442588726514
"700","DET",1935,0.115342763873776
"701","DET",1936,0.102062975027144
"702","DET",1937,0.160427807486631
"703","DET",1938,0.158932714617169
"704","DET",1939,0.14605418138987
"705","DET",1940,0.150900900900901
"706","DET",1941,0.118075801749271
"707","DET",1942,0.129032258064516
"708","DET",1943,0.121835443037975
"709","DET",1944,0.0911854103343465
"710","DET",1945,0.121642969984202
"711","DET",1946,0.153409090909091
"712","DET",1947,0.144257703081232
"713","DET",1948,0.111428571428571
"714","DET",1949,0.117177097203728
"715","DET",1950,0.136200716845878
"716","DET",1951,0.151824817518248
"717","DET",1952,0.18491921005386
"718","DET",1953,0.155395683453237
"719","DET",1954,0.154109589041096
"720","DET",1955,0.167741935483871
"721","DET",1956,0.190114068441065
"722","DET",1957,0.188925081433225
"723","DET",1958,0.165402124430956
"724","DET",1959,0.224403927068724
"725","DET",1960,0.23696682464455
"726","DET",1961,0.214030915576694
"727","DET",1962,0.275725593667546
"728","DET",1963,0.211428571428571
"729","DET",1964,0.224606580829757
"730","DET",1965,0.238235294117647
"731","DET",1966,0.248956884561892
"732","DET",1967,0.222547584187408
"733","DET",1968,0.275707898658718
"734","DET",1969,0.25962910128388
"735","DET",1980,0.172289156626506
"736","DET",1981,0.152224824355972
"737","DET",1982,0.242798353909465
"738","DET",1983,0.197718631178707
"739","DET",1984,0.225572979493365
"740","DET",1985,0.277091906721536
"741","DET",1986,0.24812030075188
"742","DET",1987,0.251116071428571
"743","DET",1988,0.203413940256046
"744","DET",1989,0.188006482982172
"745","DET",2000,0.215066828675577
"746","DET",2001,0.191988950276243
"747","DET",2002,0.215652173913043
"748","DET",2003,0.258883248730964
"749","DET",2004,0.243047158403869
"750","DET",2005,0.232365145228216
"751","DET",2006,0.246958637469586
"752","DET",2007,0.199549041713641
"753","DET",2008,0.243605359317905
"754","DET",2009,0.246298788694482
"755","DET",2010,0.202396804260985
"756","DET",2011,0.214739517153748
"757","DET",2012,0.224517906336088
"758","DET",2013,0.221105527638191
"759","DET",2014,0.204755614266843
"760","DET",2015,0.219158200290276
"761","DET",2016,0.281333333333333
"762","FLO",2000,0.218878248974008
"763","FLO",2001,0.223719676549865
"764","FLO",2002,0.208869814020029
"765","FLO",2003,0.209054593874834
"766","FLO",2004,0.206128133704735
"767","FLO",2005,0.178521617852162
"768","FLO",2006,0.240105540897098
"769","FLO",2007,0.254430379746835
"770","FLO",2008,0.27012987012987
"771","FLO",2009,0.205958549222798
"772","FLO",2010,0.211404728789986
"773","FLO",2011,0.2384
"774","HOU",1962,0.177364864864865
"775","HOU",1963,0.133620689655172
"776","HOU",1964,0.141414141414141
"777","HOU",1965,0.170474516695958
"778","HOU",1966,0.183006535947712
"779","HOU",1967,0.148562300319489
"780","HOU",1968,0.129411764705882
"781","HOU",1969,0.153846153846154
"782","HOU",1980,0.117739403453689
"783","HOU",1981,0.114213197969543
"784","HOU",1982,0.130052724077329
"785","HOU",1983,0.150855365474339
"786","HOU",1984,0.113997113997114
"787","HOU",1985,0.171388101983003
"788","HOU",1986,0.191131498470948
"789","HOU",1987,0.188271604938272
"790","HOU",1988,0.155591572123177
"791","HOU",1989,0.149922720247295
"792","HOU",2000,0.26545842217484
"793","HOU",2001,0.245572609208973
"794","HOU",2002,0.222963951935915
"795","HOU",2003,0.237267080745342
"796","HOU",2004,0.232876712328767
"797","HOU",2005,0.232323232323232
"798","HOU",2006,0.236734693877551
"799","HOU",2007,0.230982019363762
"800","HOU",2008,0.234550561797753
"801","HOU",2009,0.220839813374806
"802","HOU",2010,0.176759410801964
"803","HOU",2011,0.154471544715447
"804","HOU",2012,0.250428816466552
"805","HOU",2013,0.242622950819672
"806","HOU",2014,0.259141494435612
"807","HOU",2015,0.315500685871056
"808","HOU",2016,0.273480662983425
"809","IND",1914,0.0433070866141732
"810","KC1",1955,0.189655172413793
"811","KC1",1956,0.180936995153473
"812","KC1",1957,0.294849023090586
"813","KC1",1958,0.214953271028037
"814","KC1",1959,0.171806167400881
"815","KC1",1960,0.178861788617886
"816","KC1",1961,0.131771595900439
"817","KC1",1962,0.155704697986577
"818","KC1",1963,0.154471544715447
"819","KC1",1964,0.26731078904992
"820","KC1",1965,0.188034188034188
"821","KC1",1966,0.124113475177305
"822","KC1",1967,0.129455909943715
"823","KCA",1969,0.167235494880546
"824","KCA",1980,0.142150803461063
"825","KCA",1981,0.153652392947103
"826","KCA",1982,0.168367346938776
"827","KCA",1983,0.156609195402299
"828","KCA",1984,0.173848439821694
"829","KCA",1985,0.224163027656477
"830","KCA",1986,0.209480122324159
"831","KCA",1987,0.234965034965035
"832","KCA",1988,0.171875
"833","KCA",1989,0.146376811594203
"834","KCA",2000,0.170648464163823
"835","KCA",2001,0.208504801097394
"836","KCA",2002,0.189959294436906
"837","KCA",2003,0.19377990430622
"838","KCA",2004,0.208333333333333
"839","KCA",2005,0.179743223965763
"840","KCA",2006,0.163804491413474
"841","KCA",2007,0.144475920679887
"842","KCA",2008,0.173661360347323
"843","KCA",2009,0.209912536443149
"844","KCA",2010,0.178994082840237
"845","KCA",2011,0.176712328767123
"846","KCA",2012,0.193786982248521
"847","KCA",2013,0.172839506172839
"848","KCA",2014,0.145929339477727
"849","KCA",2015,0.191988950276243
"850","KCA",2016,0.217777777777778
"851","KCF",1914,0.0605590062111801
"852","KCF",1915,0.0511882998171846
"853","LAA",1961,0.254032258064516
"854","LAA",1962,0.190807799442897
"855","LAA",1963,0.159128978224456
"856","LAA",1964,0.1875
"857","LAN",1958,0.25748502994012
"858","LAN",1959,0.209929078014184
"859","LAN",1960,0.190332326283988
"860","LAN",1961,0.213605442176871
"861","LAN",1962,0.166270783847981
"862","LAN",1963,0.171875
"863","LAN",1964,0.128664495114007
"864","LAN",1965,0.128289473684211
"865","LAN",1966,0.178217821782178
"866","LAN",1967,0.157996146435453
"867","LAN",1968,0.142553191489362
"868","LAN",1969,0.150387596899225
"869","LAN",1980,0.223227752639517
"870","LAN",1981,0.182222222222222
"871","LAN",1982,0.199710564399421
"872","LAN",1983,0.223241590214067
"873","LAN",1984,0.175862068965517
"874","LAN",1985,0.189149560117302
"875","LAN",1986,0.203761755485893
"876","LAN",1987,0.196850393700787
"877","LAN",1988,0.157643312101911
"878","LAN",1989,0.160649819494585
"879","LAN",2000,0.264411027568922
"880","LAN",2001,0.271767810026385
"881","LAN",2002,0.217391304347826
"882","LAN",2003,0.21602787456446
"883","LAN",2004,0.266754270696452
"884","LAN",2005,0.217518248175182
"885","LAN",2006,0.186585365853659
"886","LAN",2007,0.175510204081633
"887","LAN",2008,0.195714285714286
"888","LAN",2009,0.185897435897436
"889","LAN",2010,0.179910044977511
"890","LAN",2011,0.18167701863354
"891","LAN",2012,0.182103610675039
"892","LAN",2013,0.212634822804314
"893","LAN",2014,0.186629526462396
"894","LAN",2015,0.280359820089955
"895","LAN",2016,0.260689655172414
"896","MIA",2012,0.22495894909688
"897","MIA",2013,0.185185185185185
"898","MIA",2014,0.189147286821705
"899","MIA",2015,0.195758564437194
"900","MIA",2016,0.195419847328244
"901","MIL",1980,0.250308261405672
"902","MIL",1981,0.1947261663286
"903","MIL",1982,0.242424242424242
"904","MIL",1983,0.172774869109948
"905","MIL",1984,0.149765990639626
"906","MIL",1985,0.146376811594203
"907","MIL",1986,0.190404797601199
"908","MIL",1987,0.189095127610209
"909","MIL",1988,0.165689149560117
"910","MIL",1989,0.178217821782178
"911","MIL",2000,0.239189189189189
"912","MIL",2001,0.282432432432432
"913","MIL",2002,0.221690590111643
"914","MIL",2003,0.274509803921569
"915","MIL",2004,0.212933753943218
"916","MIL",2005,0.241046831955923
"917","MIL",2006,0.246575342465753
"918","MIL",2007,0.288389513108614
"919","MIL",2008,0.264
"920","MIL",2009,0.231847133757962
"921","MIL",2010,0.242666666666667
"922","MIL",2011,0.256588072122053
"923","MIL",2012,0.260309278350515
"924","MIL",2013,0.2453125
"925","MIL",2014,0.230769230769231
"926","MIL",2015,0.221374045801527
"927","MIL",2016,0.289120715350224
"928","MIN",1961,0.236209335219236
"929","MIN",1962,0.231829573934837
"930","MIN",1963,0.293350717079531
"931","MIN",1964,0.299864314789688
"932","MIN",1965,0.193798449612403
"933","MIN",1966,0.217194570135747
"934","MIN",1967,0.195230998509687
"935","MIN",1968,0.186832740213523
"936","MIN",1969,0.206329113924051
"937","MIN",1980,0.147761194029851
"938","MIN",1981,0.124338624338624
"939","MIN",1982,0.225266362252664
"940","MIN",1983,0.198871650211566
"941","MIN",1984,0.169390787518574
"942","MIN",1985,0.2
"943","MIN",1986,0.264507422402159
"944","MIN",1987,0.249363867684478
"945","MIN",1988,0.198945981554677
"946","MIN",1989,0.158108108108108
"947","MIN",2000,0.155080213903743
"948","MIN",2001,0.212710765239948
"949","MIN",2002,0.217447916666667
"950","MIN",2003,0.193508114856429
"951","MIN",2004,0.244871794871795
"952","MIN",2005,0.194767441860465
"953","MIN",2006,0.17852684144819
"954","MIN",2007,0.164345403899721
"955","MIN",2008,0.133896260554885
"956","MIN",2009,0.210526315789474
"957","MIN",2010,0.181818181818182
"958","MIN",2011,0.166397415185784
"959","MIN",2012,0.186875891583452
"960","MIN",2013,0.245928338762215
"961","MIN",2014,0.179020979020979
"962","MIN",2015,0.224137931034483
"963","MIN",2016,0.277008310249307
"964","MLN",1953,0.211382113821138
"965","MLN",1954,0.207462686567164
"966","MLN",1955,0.244952893674293
"967","MLN",1956,0.249647390691114
"968","MLN",1957,0.257772020725389
"969","MLN",1958,0.247407407407407
"970","MLN",1959,0.244475138121547
"971","MLN",1960,0.234806629834254
"972","MLN",1961,0.264044943820225
"973","MLN",1962,0.247945205479452
"974","MLN",1963,0.205317577548006
"975","MLN",1964,0.198007471980075
"976","MLN",1965,0.27683615819209
"977","MON",1969,0.214776632302405
"978","MON",1980,0.164265129682997
"979","MON",1981,0.182844243792325
"980","MON",1982,0.190817790530846
"981","MON",1983,0.150664697193501
"982","MON",1984,0.161888701517707
"983","MON",1985,0.186413902053712
"984","MON",1986,0.172684458398744
"985","MON",1987,0.161943319838057
"986","MON",1988,0.170382165605096
"987","MON",1989,0.158227848101266
"988","MON",2000,0.241192411924119
"989","MON",2001,0.195522388059701
"990","MON",2002,0.220408163265306
"991","MON",2003,0.20253164556962
"992","MON",2004,0.237795275590551
"993","NEW",1915,0.0290598290598291
"994","NY1",1910,0.0433566433566434
"995","NY1",1911,0.0542328042328042
"996","NY1",1912,0.0571081409477521
"997","NY1",1913,0.0453216374269006
"998","NY1",1914,0.0446428571428571
"999","NY1",1915,0.0412371134020619
"1000","NY1",1916,0.0703517587939698
"1001","NY1",1917,0.0614173228346457
"1002","NY1",1918,0.0270833333333333
"1003","NY1",1919,0.0661157024793388
"1004","NY1",1920,0.0674486803519062
"1005","NY1",1921,0.0892857142857143
"1006","NY1",1922,0.0938967136150235
"1007","NY1",1923,0.0995316159250585
"1008","NY1",1924,0.110851808634772
"1009","NY1",1925,0.154891304347826
"1010","NY1",1926,0.110105580693816
"1011","NY1",1927,0.133414932680539
"1012","NY1",1928,0.146220570012392
"1013","NY1",1929,0.151616499442586
"1014","NY1",1930,0.149113660062565
"1015","NY1",1931,0.131510416666667
"1016","NY1",1932,0.15364238410596
"1017","NY1",1933,0.128930817610063
"1018","NY1",1934,0.165789473684211
"1019","NY1",1935,0.15974025974026
"1020","NY1",1936,0.130727762803235
"1021","NY1",1937,0.151639344262295
"1022","NY1",1938,0.177304964539007
"1023","NY1",1939,0.165007112375533
"1024","NY1",1940,0.137254901960784
"1025","NY1",1941,0.142428785607196
"1026","NY1",1942,0.161481481481481
"1027","NY1",1943,0.145161290322581
"1028","NY1",1944,0.136363636363636
"1029","NY1",1945,0.170658682634731
"1030","NY1",1946,0.197712418300654
"1031","NY1",1947,0.266265060240964
"1032","NY1",1948,0.21025641025641
"1033","NY1",1949,0.199728260869565
"1034","NY1",1950,0.180952380952381
"1035","NY1",1951,0.229193341869398
"1036","NY1",1952,0.209141274238227
"1037","NY1",1953,0.229166666666667
"1038","NY1",1954,0.254098360655738
"1039","NY1",1955,0.240740740740741
"1040","NY1",1956,0.268518518518519
"1041","NY1",1957,0.244167962674961
"1042","NYA",1910,0.0319488817891374
"1043","NYA",1911,0.0365497076023392
"1044","NYA",1912,0.0285714285714286
"1045","NYA",1913,0.0151228733459357
"1046","NYA",1914,0.0223463687150838
"1047","NYA",1915,0.0530821917808219
"1048","NYA",1916,0.0606585788561525
"1049","NYA",1917,0.0515267175572519
"1050","NYA",1918,0.0405679513184584
"1051","NYA",1919,0.0778546712802768
"1052","NYA",1920,0.137395459976105
"1053","NYA",1921,0.141350210970464
"1054","NYA",1922,0.12532981530343
"1055","NYA",1923,0.127582017010936
"1056","NYA",1924,0.12280701754386
"1057","NYA",1925,0.155807365439093
"1058","NYA",1926,0.142857142857143
"1059","NYA",1927,0.162051282051282
"1060","NYA",1928,0.148769574944072
"1061","NYA",1929,0.157953281423804
"1062","NYA",1930,0.143126177024482
"1063","NYA",1931,0.145267104029991
"1064","NYA",1932,0.159680638722555
"1065","NYA",1933,0.155339805825243
"1066","NYA",1934,0.160332541567696
"1067","NYA",1935,0.127139364303178
"1068","NYA",1936,0.170892018779343
"1069","NYA",1937,0.177732379979571
"1070","NYA",1938,0.180124223602484
"1071","NYA",1939,0.171664943123061
"1072","NYA",1940,0.189718482252142
"1073","NYA",1941,0.181927710843374
"1074","NYA",1942,0.134831460674157
"1075","NYA",1943,0.149476831091181
"1076","NYA",1944,0.142433234421365
"1077","NYA",1945,0.137573964497041
"1078","NYA",1946,0.198830409356725
"1079","NYA",1947,0.144836272040302
"1080","NYA",1948,0.162193698949825
"1081","NYA",1949,0.138721351025332
"1082","NYA",1950,0.173960612691466
"1083","NYA",1951,0.175438596491228
"1084","NYA",1952,0.177441540577717
"1085","NYA",1953,0.173533083645443
"1086","NYA",1954,0.165217391304348
"1087","NYA",1955,0.229658792650919
"1088","NYA",1956,0.221703617269545
"1089","NYA",1957,0.200553250345781
"1090","NYA",1958,0.216073781291173
"1091","NYA",1959,0.222707423580786
"1092","NYA",1960,0.258713136729223
"1093","NYA",1961,0.290205562273277
"1094","NYA",1962,0.243574051407589
"1095","NYA",1963,0.263305322128852
"1096","NYA",1964,0.221917808219178
"1097","NYA",1965,0.243862520458265
"1098","NYA",1966,0.265139116202946
"1099","NYA",1967,0.191570881226054
"1100","NYA",1968,0.203358208955224
"1101","NYA",1969,0.167259786476868
"1102","NYA",1980,0.230487804878049
"1103","NYA",1981,0.237529691211401
"1104","NYA",1982,0.227080394922426
"1105","NYA",1983,0.198701298701299
"1106","NYA",1984,0.171503957783641
"1107","NYA",1985,0.209773539928486
"1108","NYA",1986,0.235884567126725
"1109","NYA",1987,0.248730964467005
"1110","NYA",1988,0.191709844559585
"1111","NYA",1989,0.186246418338109
"1112","NYA",2000,0.235361653272101
"1113","NYA",2001,0.252487562189055
"1114","NYA",2002,0.24860646599777
"1115","NYA",2003,0.262257696693273
"1116","NYA",2004,0.269788182831661
"1117","NYA",2005,0.258465011286682
"1118","NYA",2006,0.225806451612903
"1119","NYA",2007,0.207644628099174
"1120","NYA",2008,0.228136882129278
"1121","NYA",2009,0.266666666666667
"1122","NYA",2010,0.233993015133877
"1123","NYA",2011,0.256055363321799
"1124","NYA",2012,0.304726368159204
"1125","NYA",2013,0.221538461538462
"1126","NYA",2014,0.232227488151659
"1127","NYA",2015,0.277486910994764
"1128","NYA",2016,0.269117647058824
"1129","NYN",1962,0.225283630470016
"1130","NYN",1963,0.191616766467066
"1131","NYN",1964,0.181019332161687
"1132","NYN",1965,0.216161616161616
"1133","NYN",1966,0.166950596252129
"1134","NYN",1967,0.166666666666667
"1135","NYN",1968,0.171247357293869
"1136","NYN",1969,0.17246835443038
"1137","NYN",1980,0.0998363338788871
"1138","NYN",1981,0.163793103448276
"1139","NYN",1982,0.15927750410509
"1140","NYN",1983,0.194782608695652
"1141","NYN",1984,0.164110429447853
"1142","NYN",1985,0.192805755395683
"1143","NYN",1986,0.189016602809706
"1144","NYN",1987,0.233292831105711
"1145","NYN",1988,0.216216216216216
"1146","NYN",1989,0.215226939970717
"1147","NYN",2000,0.245353159851301
"1148","NYN",2001,0.228971962616822
"1149","NYN",2002,0.231884057971014
"1150","NYN",2003,0.193146417445483
"1151","NYN",2004,0.27046783625731
"1152","NYN",2005,0.242382271468144
"1153","NYN",2006,0.239808153477218
"1154","NYN",2007,0.220149253731343
"1155","NYN",2008,0.215269086357947
"1156","NYN",2009,0.141579731743666
"1157","NYN",2010,0.195121951219512
"1158","NYN",2011,0.15041782729805
"1159","NYN",2012,0.213846153846154
"1160","NYN",2013,0.210016155088853
"1161","NYN",2014,0.19872813990461
"1162","NYN",2015,0.259150805270864
"1163","NYN",2016,0.324888226527571
"1164","OAK",1968,0.165202108963093
"1165","OAK",1969,0.2
"1166","OAK",1980,0.199708454810496
"1167","OAK",1981,0.22707423580786
"1168","OAK",1982,0.215629522431259
"1169","OAK",1983,0.17090395480226
"1170","OAK",1984,0.214092140921409
"1171","OAK",1985,0.204755614266843
"1172","OAK",1986,0.222982216142271
"1173","OAK",1987,0.246898263027295
"1174","OAK",1988,0.195
"1175","OAK",1989,0.178370786516854
"1176","OAK",2000,0.252375923970433
"1177","OAK",2001,0.225113122171946
"1178","OAK",2002,0.25625
"1179","OAK",2003,0.229166666666667
"1180","OAK",2004,0.238335435056747
"1181","OAK",2005,0.200777202072539
"1182","OAK",2006,0.226977950713359
"1183","OAK",2007,0.230769230769231
"1184","OAK",2008,0.193498452012384
"1185","OAK",2009,0.177865612648221
"1186","OAK",2010,0.164404223227753
"1187","OAK",2011,0.176744186046512
"1188","OAK",2012,0.273492286115007
"1189","OAK",2013,0.242503259452412
"1190","OAK",2014,0.200274348422497
"1191","OAK",2015,0.210374639769452
"1192","OAK",2016,0.258805513016845
"1193","PHA",1910,0.0281899109792285
"1194","PHA",1911,0.040650406504065
"1195","PHA",1912,0.0282413350449294
"1196","PHA",1913,0.0415617128463476
"1197","PHA",1914,NA
"1198","PHA",1915,0.0293577981651376
"1199","PHA",1916,0.0425055928411633
"1200","PHA",1917,0.0321361058601134
"1201","PHA",1918,0.0533980582524272
"1202","PHA",1919,0.0765864332603939
"1203","PHA",1920,0.0788530465949821
"1204","PHA",1921,0.124809741248097
"1205","PHA",1922,0.157446808510638
"1206","PHA",1923,0.0801815431164902
"1207","PHA",1924,0.091970802919708
"1208","PHA",1925,0.0914560770156438
"1209","PHA",1926,0.0901033973412112
"1210","PHA",1927,0.0665873959571938
"1211","PHA",1928,0.107358262967431
"1212","PHA",1929,0.135405105438402
"1213","PHA",1930,0.131440588853838
"1214","PHA",1931,0.137529137529138
"1215","PHA",1932,0.17533129459735
"1216","PHA",1933,0.158857142857143
"1217","PHA",1934,0.18848167539267
"1218","PHA",1935,0.157746478873239
"1219","PHA",1936,0.100840336134454
"1220","PHA",1937,0.13447782546495
"1221","PHA",1938,0.134986225895317
"1222","PHA",1939,0.137834036568214
"1223","PHA",1940,0.149359886201991
"1224","PHA",1941,0.119214586255259
"1225","PHA",1942,0.0601092896174863
"1226","PHA",1943,0.0523138832997988
"1227","PHA",1944,0.0685714285714286
"1228","PHA",1945,0.0668016194331984
"1229","PHA",1946,0.0756143667296786
"1230","PHA",1947,0.0963665086887836
"1231","PHA",1948,0.093278463648834
"1232","PHA",1949,0.112947658402204
"1233","PHA",1950,0.149253731343284
"1234","PHA",1951,0.138586956521739
"1235","PHA",1952,0.134036144578313
"1236","PHA",1953,0.183544303797468
"1237","PHA",1954,0.173431734317343
"1238","PHI",1910,0.0326409495548961
"1239","PHI",1911,0.0911854103343465
"1240","PHI",1912,0.0641791044776119
"1241","PHI",1913,0.105339105339105
"1242","PHI",1914,0.0952380952380952
"1243","PHI",1915,0.098471986417657
"1244","PHI",1916,0.072289156626506
"1245","PHI",1917,0.0657439446366782
"1246","PHI",1918,0.0581395348837209
"1247","PHI",1919,0.0823529411764706
"1248","PHI",1920,0.113274336283186
"1249","PHI",1921,0.142625607779579
"1250","PHI",1922,0.157181571815718
"1251","PHI",1923,0.149732620320856
"1252","PHI",1924,0.13905325443787
"1253","PHI",1925,0.123152709359606
"1254","PHI",1926,0.109170305676856
"1255","PHI",1927,0.084070796460177
"1256","PHI",1928,0.128787878787879
"1257","PHI",1929,0.17056856187291
"1258","PHI",1930,0.133474576271186
"1259","PHI",1931,0.118421052631579
"1260","PHI",1932,0.144549763033175
"1261","PHI",1933,0.0988467874794069
"1262","PHI",1934,0.082962962962963
"1263","PHI",1935,0.134306569343066
"1264","PHI",1936,0.141873278236915
"1265","PHI",1937,NA
"1266","PHI",1938,0.0727272727272727
"1267","PHI",1939,0.0886075949367089
"1268","PHI",1940,0.151821862348178
"1269","PHI",1941,0.127744510978044
"1270","PHI",1942,0.111675126903553
"1271","PHI",1943,0.115586690017513
"1272","PHI",1944,0.102040816326531
"1273","PHI",1945,0.102189781021898
"1274","PHI",1946,0.142857142857143
"1275","PHI",1947,0.101867572156197
"1276","PHI",1948,0.153976311336717
"1277","PHI",1949,0.18429003021148
"1278","PHI",1950,0.173130193905817
"1279","PHI",1951,0.166666666666667
"1280","PHI",1952,0.141552511415525
"1281","PHI",1953,0.160614525139665
"1282","PHI",1954,NA
"1283","PHI",1955,0.195555555555556
"1284","PHI",1956,0.181137724550898
"1285","PHI",1957,0.187800963081862
"1286","PHI",1958,0.186746987951807
"1287","PHI",1959,0.18864774624374
"1288","PHI",1960,0.181318681318681
"1289","PHI",1961,0.176369863013699
"1290","PHI",1962,0.201418439716312
"1291","PHI",1963,0.196261682242991
"1292","PHI",1964,0.187590187590188
"1293","PHI",1965,0.220183486238532
"1294","PHI",1966,0.168103448275862
"1295","PHI",1967,0.168300653594771
"1296","PHI",1968,0.184162062615101
"1297","PHI",1969,0.212403100775194
"1298","PHI",1980,0.160714285714286
"1299","PHI",1981,0.140529531568228
"1300","PHI",1982,0.168674698795181
"1301","PHI",1983,0.179597701149425
"1302","PHI",1984,0.204166666666667
"1303","PHI",1985,0.211394302848576
"1304","PHI",1986,0.208389715832206
"1305","PHI",1987,0.240740740740741
"1306","PHI",1988,0.177554438860972
"1307","PHI",1989,0.195548489666137
"1308","PHI",2000,0.203389830508475
"1309","PHI",2001,0.219839142091153
"1310","PHI",2002,0.232394366197183
"1311","PHI",2003,0.209860935524652
"1312","PHI",2004,0.255952380952381
"1313","PHI",2005,0.206939281288724
"1314","PHI",2006,0.24971098265896
"1315","PHI",2007,0.238789237668161
"1316","PHI",2008,0.267834793491865
"1317","PHI",2009,0.273170731707317
"1318","PHI",2010,0.215025906735751
"1319","PHI",2011,0.214586255259467
"1320","PHI",2012,0.230994152046784
"1321","PHI",2013,0.229508196721311
"1322","PHI",2014,0.201938610662359
"1323","PHI",2015,0.207667731629393
"1324","PHI",2016,0.263934426229508
"1325","PIT",1910,0.050381679389313
"1326","PIT",1911,0.0658602150537634
"1327","PIT",1912,0.051930758988016
"1328","PIT",1913,0.0520059435364042
"1329","PIT",1914,0.0357852882703777
"1330","PIT",1915,0.0430879712746858
"1331","PIT",1916,0.0413223140495868
"1332","PIT",1917,0.0193965517241379
"1333","PIT",1918,0.0321888412017167
"1334","PIT",1919,0.0360169491525424
"1335","PIT",1920,0.030188679245283
"1336","PIT",1921,0.0534682080924856
"1337","PIT",1922,0.0601156069364162
"1338","PIT",1923,0.0623409669211196
"1339","PIT",1924,0.0607734806629834
"1340","PIT",1925,0.0855263157894737
"1341","PIT",1926,0.0572171651495449
"1342","PIT",1927,0.0660954712362301
"1343","PIT",1928,0.0621266427718041
"1344","PIT",1929,0.0663716814159292
"1345","PIT",1930,0.0965207631874299
"1346","PIT",1931,0.0644654088050314
"1347","PIT",1932,0.0684736091298146
"1348","PIT",1933,0.0584707646176912
"1349","PIT",1934,0.0707482993197279
"1350","PIT",1935,0.0888290713324361
"1351","PIT",1936,0.0746268656716418
"1352","PIT",1937,0.0667613636363636
"1353","PIT",1938,0.0919377652050919
"1354","PIT",1939,0.0945945945945946
"1355","PIT",1940,0.0939431396786156
"1356","PIT",1941,0.0811594202898551
"1357","PIT",1942,0.0923076923076923
"1358","PIT",1943,0.062780269058296
"1359","PIT",1944,0.0940860215053763
"1360","PIT",1945,0.0956175298804781
"1361","PIT",1946,0.108695652173913
"1362","PIT",1947,0.209395973154362
"1363","PIT",1948,0.152974504249292
"1364","PIT",1949,0.185022026431718
"1365","PIT",1950,0.202643171806167
"1366","PIT",1951,0.198838896952104
"1367","PIT",1952,0.178640776699029
"1368","PIT",1953,0.159163987138264
"1369","PIT",1954,0.136445242369838
"1370","PIT",1955,0.1625
"1371","PIT",1956,0.187074829931973
"1372","PIT",1957,0.156996587030717
"1373","PIT",1958,0.202416918429003
"1374","PIT",1959,0.172043010752688
"1375","PIT",1960,0.163487738419619
"1376","PIT",1961,0.184438040345821
"1377","PIT",1962,0.152974504249292
"1378","PIT",1963,0.19047619047619
"1379","PIT",1964,0.182503770739065
"1380","PIT",1965,0.164444444444444
"1381","PIT",1966,0.208168642951252
"1382","PIT",1967,0.134020618556701
"1383","PIT",1968,0.137221269296741
"1384","PIT",1969,0.164137931034483
"1385","PIT",1980,0.174174174174174
"1386","PIT",1981,0.135135135135135
"1387","PIT",1982,0.185082872928177
"1388","PIT",1983,0.18361153262519
"1389","PIT",1984,0.159349593495935
"1390","PIT",1985,0.140845070422535
"1391","PIT",1986,0.167420814479638
"1392","PIT",1987,0.18118948824343
"1393","PIT",1988,0.168970814132104
"1394","PIT",1989,0.149136577708006
"1395","PIT",2000,0.211853720050441
"1396","PIT",2001,0.245053272450533
"1397","PIT",2002,0.221528861154446
"1398","PIT",2003,0.216467463479416
"1399","PIT",2004,0.208823529411765
"1400","PIT",2005,0.204411764705882
"1401","PIT",2006,0.204052098408104
"1402","PIT",2007,0.204419889502762
"1403","PIT",2008,0.208163265306122
"1404","PIT",2009,0.196540880503145
"1405","PIT",2010,0.214650766609881
"1406","PIT",2011,0.175409836065574
"1407","PIT",2012,0.261136712749616
"1408","PIT",2013,0.253943217665615
"1409","PIT",2014,0.228739002932551
"1410","PIT",2015,0.200860832137733
"1411","PIT",2016,0.209876543209877
"1412","PTF",1914,0.056198347107438
"1413","PTF",1915,0.0337837837837838
"1414","SDN",1969,0.211538461538462
"1415","SDN",1980,0.11336717428088
"1416","SDN",1981,0.0837696335078534
"1417","SDN",1982,0.12
"1418","SDN",1983,0.142419601837672
"1419","SDN",1984,0.158892128279883
"1420","SDN",1985,0.167692307692308
"1421","SDN",1986,0.207317073170732
"1422","SDN",1987,0.169161676646707
"1423","SDN",1988,0.158249158249158
"1424","SDN",1989,0.186915887850467
"1425","SDN",2000,0.208776595744681
"1426","SDN",2001,0.204055766793409
"1427","SDN",2002,0.205438066465257
"1428","SDN",2003,0.188790560471976
"1429","SDN",2004,0.180989583333333
"1430","SDN",2005,0.190058479532164
"1431","SDN",2006,0.220246238030096
"1432","SDN",2007,0.230769230769231
"1433","SDN",2008,0.241758241758242
"1434","SDN",2009,0.221003134796238
"1435","SDN",2010,0.198496240601504
"1436","SDN",2011,0.153456998313659
"1437","SDN",2012,0.185867895545315
"1438","SDN",2013,0.236245954692557
"1439","SDN",2014,0.203738317757009
"1440","SDN",2015,0.227692307692308
"1441","SDN",2016,0.25801749271137
"1442","SE1",1969,0.195618153364632
"1443","SEA",1980,0.170491803278689
"1444","SEA",1981,0.208920187793427
"1445","SEA",1982,0.199692780337942
"1446","SEA",1983,0.198924731182796
"1447","SEA",1984,0.189149560117302
"1448","SEA",1985,0.237830319888734
"1449","SEA",1986,0.220055710306407
"1450","SEA",1987,0.211842105263158
"1451","SEA",1988,0.22289156626506
"1452","SEA",1989,0.193083573487032
"1453","SEA",2000,0.218302094818082
"1454","SEA",2001,0.182308522114347
"1455","SEA",2002,0.186732186732187
"1456","SEA",2003,0.174842767295597
"1457","SEA",2004,0.194842406876791
"1458","SEA",2005,0.185979971387697
"1459","SEA",2006,0.227513227513228
"1460","SEA",2007,0.192695214105793
"1461","SEA",2008,0.184798807749627
"1462","SEA",2009,0.25
"1463","SEA",2010,0.196881091617934
"1464","SEA",2011,0.196043165467626
"1465","SEA",2012,0.240710823909531
"1466","SEA",2013,0.301282051282051
"1467","SEA",2014,0.214511041009464
"1468","SEA",2015,0.301829268292683
"1469","SEA",2016,0.290364583333333
"1470","SFN",1958,0.233837689133425
"1471","SFN",1959,0.236879432624113
"1472","SFN",1960,0.193740685543964
"1473","SFN",1961,0.236739974126779
"1474","SFN",1962,0.232346241457859
"1475","SFN",1963,0.271724137931035
"1476","SFN",1964,0.251524390243902
"1477","SFN",1965,0.233137829912023
"1478","SFN",1966,0.268148148148148
"1479","SFN",1967,0.214723926380368
"1480","SFN",1968,0.180300500834725
"1481","SFN",1969,0.190743338008415
"1482","SFN",1980,0.139616055846422
"1483","SFN",1981,0.147540983606557
"1484","SFN",1982,0.197622585438336
"1485","SFN",1983,0.20669577874818
"1486","SFN",1984,0.164222873900293
"1487","SFN",1985,0.206834532374101
"1488","SFN",1986,0.163323782234957
"1489","SFN",1987,0.261813537675607
"1490","SFN",1988,0.16865671641791
"1491","SFN",1989,0.201716738197425
"1492","SFN",2000,0.244324324324324
"1493","SFN",2001,0.294117647058824
"1494","SFN",2002,0.252873563218391
"1495","SFN",2003,0.23841059602649
"1496","SFN",2004,0.215294117647059
"1497","SFN",2005,0.197226502311248
"1498","SFN",2006,0.218498659517426
"1499","SFN",2007,0.191800878477306
"1500","SFN",2008,0.146875
"1501","SFN",2009,0.185692541856925
"1502","SFN",2010,0.232424677187948
"1503","SFN",2011,0.212280701754386
"1504","SFN",2012,0.143454038997214
"1505","SFN",2013,0.170111287758347
"1506","SFN",2014,0.198496240601504
"1507","SFN",2015,0.195402298850575
"1508","SFN",2016,0.181818181818182
"1509","SLA",1910,0.0266075388026608
"1510","SLA",1911,0.0299823633156966
"1511","SLA",1912,0.0344202898550725
"1512","SLA",1913,0.0340909090909091
"1513","SLA",1914,0.0325047801147228
"1514","SLA",1915,0.0363984674329502
"1515","SLA",1916,0.0238095238095238
"1516","SLA",1917,0.0294117647058824
"1517","SLA",1918,0.0117370892018779
"1518","SLA",1919,0.0581613508442777
"1519","SLA",1920,0.0627352572145546
"1520","SLA",1921,0.0802395209580838
"1521","SLA",1922,0.113033448673587
"1522","SLA",1923,0.119186046511628
"1523","SLA",1924,0.0871261378413524
"1524","SLA",1925,0.122222222222222
"1525","SLA",1926,0.105571847507331
"1526","SLA",1927,0.0759668508287293
"1527","SLA",1928,0.0816062176165803
"1528","SLA",1929,0.0627557980900409
"1529","SLA",1930,0.099866844207723
"1530","SLA",1931,0.105409153952843
"1531","SLA",1932,0.0910326086956522
"1532","SLA",1933,0.0956651718983558
"1533","SLA",1934,0.0919881305637982
"1534","SLA",1935,0.101671309192201
"1535","SLA",1936,0.0982587064676617
"1536","SLA",1937,0.0993006993006993
"1537","SLA",1938,0.121854304635762
"1538","SLA",1939,0.124147339699864
"1539","SLA",1940,0.155878467635403
"1540","SLA",1941,0.118954248366013
"1541","SLA",1942,0.134246575342466
"1542","SLA",1943,0.130872483221477
"1543","SLA",1944,0.105263157894737
"1544","SLA",1945,0.105527638190955
"1545","SLA",1946,0.135265700483092
"1546","SLA",1947,0.159574468085106
"1547","SLA",1948,0.0938897168405365
"1548","SLA",1949,0.175412293853073
"1549","SLA",1950,0.154970760233918
"1550","SLA",1951,0.140752864157119
"1551","SLA",1952,0.135761589403974
"1552","SLA",1953,0.201801801801802
"1553","SLF",1914,0.0460176991150442
"1554","SLF",1915,0.0362776025236593
"1555","SLN",1910,0.0235478806907378
"1556","SLN",1911,0.0387481371087928
"1557","SLN",1912,0.0409711684370258
"1558","SLN",1913,0.0284090909090909
"1559","SLN",1914,0.0591397849462366
"1560","SLN",1915,0.0338983050847458
"1561","SLN",1916,0.0525210084033613
"1562","SLN",1917,0.0489642184557439
"1563","SLN",1918,0.0594713656387665
"1564","SLN",1919,0.0388768898488121
"1565","SLN",1920,0.0474074074074074
"1566","SLN",1921,0.102595797280593
"1567","SLN",1922,0.123986095017381
"1568","SLN",1923,0.0844504021447721
"1569","SLN",1924,0.0905405405405405
"1570","SLN",1925,0.131642512077295
"1571","SLN",1926,0.11015911872705
"1572","SLN",1927,0.111405835543767
"1573","SLN",1928,0.14002478314746
"1574","SLN",1929,0.120336943441637
"1575","SLN",1930,0.103585657370518
"1576","SLN",1931,0.0736196319018405
"1577","SLN",1932,0.111111111111111
"1578","SLN",1933,0.0829694323144105
"1579","SLN",1934,0.130162703379224
"1580","SLN",1935,0.103739445114596
"1581","SLN",1936,0.110691823899371
"1582","SLN",1937,NA
"1583","SLN",1938,0.12551724137931
"1584","SLN",1939,0.125802310654686
"1585","SLN",1940,0.159303882195448
"1586","SLN",1941,0.0953678474114441
"1587","SLN",1942,0.0794701986754967
"1588","SLN",1943,0.103092783505155
"1589","SLN",1944,0.129533678756477
"1590","SLN",1945,0.0846560846560847
"1591","SLN",1946,0.11376404494382
"1592","SLN",1947,0.147435897435897
"1593","SLN",1948,0.141509433962264
"1594","SLN",1949,0.133159268929504
"1595","SLN",1950,0.147186147186147
"1596","SLN",1951,0.13909224011713
"1597","SLN",1952,0.14327917282127
"1598","SLN",1953,0.182291666666667
"1599","SLN",1954,NA
"1600","SLN",1955,0.218654434250765
"1601","SLN",1956,0.182890855457227
"1602","SLN",1957,0.17910447761194
"1603","SLN",1958,0.179321486268174
"1604","SLN",1959,0.18408736349454
"1605","SLN",1960,0.215962441314554
"1606","SLN",1961,0.14651493598862
"1607","SLN",1962,0.177002583979328
"1608","SLN",1963,0.171352074966533
"1609","SLN",1964,0.152447552447552
"1610","SLN",1965,0.154172560113154
"1611","SLN",1966,0.189141856392294
"1612","SLN",1967,0.165467625899281
"1613","SLN",1968,0.125214408233276
"1614","SLN",1969,0.151260504201681
"1615","SLN",1980,0.136856368563686
"1616","SLN",1981,0.107758620689655
"1617","SLN",1982,0.0978102189781022
"1618","SLN",1983,0.122238586156112
"1619","SLN",1984,0.115030674846626
"1620","SLN",1985,0.116465863453815
"1621","SLN",1986,0.0965058236272879
"1622","SLN",1987,0.117794486215539
"1623","SLN",1988,0.122837370242215
"1624","SLN",1989,0.115506329113924
"1625","SLN",2000,0.264937993235626
"1626","SLN",2001,0.244471744471744
"1627","SLN",2002,0.222363405336722
"1628","SLN",2003,0.223744292237443
"1629","SLN",2004,0.250292397660819
"1630","SLN",2005,0.211180124223602
"1631","SLN",2006,0.235595390524968
"1632","SLN",2007,0.19448275862069
"1633","SLN",2008,0.223363286264442
"1634","SLN",2009,0.219178082191781
"1635","SLN",2010,0.203804347826087
"1636","SLN",2011,0.21259842519685
"1637","SLN",2012,0.207843137254902
"1638","SLN",2013,0.159642401021711
"1639","SLN",2014,0.169628432956381
"1640","SLN",2015,0.211746522411128
"1641","SLN",2016,0.288831835686778
"1642","TBA",2000,0.221009549795362
"1643","TBA",2001,0.180059523809524
"1644","TBA",2002,0.197622585438336
"1645","TBA",2003,0.191608391608392
"1646","TBA",2004,0.203081232492997
"1647","TBA",2005,0.209333333333333
"1648","TBA",2006,0.275761973875181
"1649","TBA",2007,0.239130434782609
"1650","TBA",2008,0.232558139534884
"1651","TBA",2009,0.247820672478207
"1652","TBA",2010,0.199501246882793
"1653","TBA",2011,0.243281471004243
"1654","TBA",2012,0.251076040172166
"1655","TBA",2013,0.235714285714286
"1656","TBA",2014,0.191176470588235
"1657","TBA",2015,0.259316770186335
"1658","TBA",2016,0.321428571428571
"1659","TEX",1980,0.164021164021164
"1660","TEX",1981,0.108407079646018
"1661","TEX",1982,0.194915254237288
"1662","TEX",1983,0.165884194053208
"1663","TEX",1984,0.182926829268293
"1664","TEX",1985,0.209076175040519
"1665","TEX",1986,0.238651102464332
"1666","TEX",1987,0.235722964763062
"1667","TEX",1988,0.175824175824176
"1668","TEX",1989,0.175539568345324
"1669","TEX",2000,0.204009433962264
"1670","TEX",2001,0.276404494382022
"1671","TEX",2002,0.272835112692764
"1672","TEX",2003,0.289346246973366
"1673","TEX",2004,0.263953488372093
"1674","TEX",2005,0.300578034682081
"1675","TEX",2006,0.219161676646707
"1676","TEX",2007,0.219362745098039
"1677","TEX",2008,0.215316315205327
"1678","TEX",2009,0.285714285714286
"1679","TEX",2010,0.20584498094028
"1680","TEX",2011,0.245614035087719
"1681","TEX",2012,0.247524752475248
"1682","TEX",2013,0.241095890410959
"1683","TEX",2014,0.17425431711146
"1684","TEX",2015,0.229027962716378
"1685","TEX",2016,0.281045751633987
"1686","TOR",1980,0.201923076923077
"1687","TOR",1981,0.185410334346505
"1688","TOR",1982,0.162826420890937
"1689","TOR",1983,0.210062893081761
"1690","TOR",1984,0.190666666666667
"1691","TOR",1985,0.208168642951252
"1692","TOR",1986,0.223733003708282
"1693","TOR",1987,0.254437869822485
"1694","TOR",1988,0.207077326343381
"1695","TOR",1989,0.194254445964432
"1696","TOR",2000,0.283391405342625
"1697","TOR",2001,0.254237288135593
"1698","TOR",2002,0.230012300123001
"1699","TOR",2003,0.212527964205817
"1700","TOR",2004,0.201668984700974
"1701","TOR",2005,0.175483870967742
"1702","TOR",2006,0.245982694684796
"1703","TOR",2007,0.219123505976096
"1704","TOR",2008,0.176470588235294
"1705","TOR",2009,0.261904761904762
"1706","TOR",2010,0.340397350993377
"1707","TOR",2011,0.250336473755047
"1708","TOR",2012,0.276536312849162
"1709","TOR",2013,0.259831460674157
"1710","TOR",2014,0.244813278008299
"1711","TOR",2015,0.260381593714927
"1712","TOR",2016,0.291172595520422
"1713","WAS",2005,0.183098591549296
"1714","WAS",2006,0.219839142091153
"1715","WAS",2007,0.182763744427935
"1716","WAS",2008,0.182527301092044
"1717","WAS",2009,0.219718309859155
"1718","WAS",2010,0.227480916030534
"1719","WAS",2011,0.246794871794872
"1720","WAS",2012,0.265389876880985
"1721","WAS",2013,0.245426829268293
"1722","WAS",2014,0.221574344023324
"1723","WAS",2015,0.251778093883357
"1724","WAS",2016,0.26605504587156
"1725","WS1",1910,0.0179640718562874
"1726","WS1",1911,0.0256410256410256
"1727","WS1",1912,0.0286123032904149
"1728","WS1",1913,0.0318791946308725
"1729","WS1",1914,NA
"1730","WS1",1915,0.0210896309314587
"1731","WS1",1916,0.0223880597014925
"1732","WS1",1917,0.00735294117647059
"1733","WS1",1918,0.00867678958785249
"1734","WS1",1919,0.0450281425891182
"1735","WS1",1920,0.0497925311203319
"1736","WS1",1921,0.0596590909090909
"1737","WS1",1922,0.0692307692307692
"1738","WS1",1923,0.0361111111111111
"1739","WS1",1924,0.0291390728476821
"1740","WS1",1925,0.0675512665862485
"1741","WS1",1926,0.0536159600997506
"1742","WS1",1927,0.0370843989769821
"1743","WS1",1928,0.0557103064066852
"1744","WS1",1929,0.0657534246575342
"1745","WS1",1930,0.0639013452914798
"1746","WS1",1931,0.0581257413997628
"1747","WS1",1932,0.0726190476190476
"1748","WS1",1933,0.0705882352941176
"1749","WS1",1934,0.0699588477366255
"1750","WS1",1935,0.0388821385176185
"1751","WS1",1936,0.0697412823397075
"1752","WS1",1937,0.0620871862615588
"1753","WS1",1938,0.104422604422604
"1754","WS1",1939,0.0626780626780627
"1755","WS1",1940,0.0781954887218045
"1756","WS1",1941,0.0714285714285714
"1757","WS1",1942,0.0612557427258806
"1758","WS1",1943,0.0705705705705706
"1759","WS1",1944,0.0557432432432432
"1760","WS1",1945,0.0434083601286174
"1761","WS1",1946,0.0986842105263158
"1762","WS1",1947,0.0846774193548387
"1763","WS1",1948,0.0536332179930796
"1764","WS1",1949,0.138698630136986
"1765","WS1",1950,0.110144927536232
"1766","WS1",1951,0.0803571428571429
"1767","WS1",1952,0.0836120401337793
"1768","WS1",1953,0.100436681222707
"1769","WS1",1954,0.128164556962025
"1770","WS1",1955,0.133779264214047
"1771","WS1",1956,0.171779141104294
"1772","WS1",1957,0.18407960199005
"1773","WS1",1958,0.21880650994575
"1774","WS1",1959,0.263327948303716
"1775","WS1",1960,0.21875
"1776","WS2",1961,0.192556634304207
"1777","WS2",1962,0.220367278797997
"1778","WS2",1963,0.238754325259516
"1779","WS2",1964,0.216262975778547
"1780","WS2",1965,0.230118443316413
"1781","WS2",1966,0.226211849192101
"1782","WS2",1967,0.209090909090909
"1783","WS2",1968,0.236641221374046
"1784","WS2",1969,0.213256484149856
"1785","MLB",1910,0.0370339260625136
"1786","MLB",1911,0.045883983688641
"1787","MLB",1912,0.0392672538859684
"1788","MLB",1913,0.0459567924692188
"1789","MLB",1914,NA
"1790","MLB",1915,0.0448151133394641
"1791","MLB",1916,0.0434371657782137
"1792","MLB",1917,0.0371291500476722
"1793","MLB",1918,0.031959723118913
"1794","MLB",1919,0.0520054473967767
"1795","MLB",1920,0.0577461739203596
"1796","MLB",1921,0.0776458767909484
"1797","MLB",1922,0.0868600983804123
"1798","MLB",1923,0.0818167159314108
"1799","MLB",1924,0.0761769753161599
"1800","MLB",1925,0.0929491807050718
"1801","MLB",1926,0.0746895617188206
"1802","MLB",1927,0.0756205064731087
"1803","MLB",1928,0.0915859637812126
"1804","MLB",1929,0.100861252452489
"1805","MLB",1930,0.1117374315554
"1806","MLB",1931,0.0864467935097463
"1807","MLB",1932,0.108587960865751
"1808","MLB",1933,0.0948606277170807
"1809","MLB",1934,0.111699176787366
"1810","MLB",1935,0.110870608796863
"1811","MLB",1936,0.104982246141552
"1812","MLB",1937,NA
"1813","MLB",1938,0.120661153540343
"1814","MLB",1939,0.119291681225939
"1815","MLB",1940,0.134658474240466
"1816","MLB",1941,0.117833714461101
"1817","MLB",1942,0.106169359212141
"1818","MLB",1943,0.0933458924868747
"1819","MLB",1944,0.0983960740212988
"1820","MLB",1945,0.0974355242733299
"1821","MLB",1946,0.121090603582317
"1822","MLB",1947,0.140585781027617
"1823","MLB",1948,0.135182767057735
"1824","MLB",1949,0.148949886237868
"1825","MLB",1950,0.172301720998368
"1826","MLB",1951,0.163781048864411
"1827","MLB",1952,0.163305842023291
"1828","MLB",1953,0.180572614703
"1829","MLB",1954,NA
"1830","MLB",1955,0.19819343674794
"1831","MLB",1956,0.207677639897415
"1832","MLB",1957,0.206552833504945
"1833","MLB",1958,0.211068685492633
"1834","MLB",1959,0.206899461153272
"1835","MLB",1960,0.199358816493087
"1836","MLB",1961,0.209537888554178
"1837","MLB",1962,0.207301942507985
"1838","MLB",1963,0.209013972616022
"1839","MLB",1964,0.208654715344229
"1840","MLB",1965,0.206765095544817
"1841","MLB",1966,0.210875985924527
"1842","MLB",1967,0.187484472541953
"1843","MLB",1968,0.177909446665703
"1844","MLB",1969,0.195407670585815
"1845","MLB",1980,0.169495495448105
"1846","MLB",1981,0.159098916945795
"1847","MLB",1982,0.184613711734578
"1848","MLB",1983,0.181091800824439
"1849","MLB",1984,0.180633576317525
"1850","MLB",1985,0.196817811786592
"1851","MLB",1986,0.204298833039016
"1852","MLB",1987,0.223652671891256
"1853","MLB",1988,0.182642935308016
"1854","MLB",1989,0.177453461030994
"1855","MLB",2000,0.227583961433016
"1856","MLB",2001,0.234660378521572
"1857","MLB",2002,0.225613634939612
"1858","MLB",2003,0.225965555182706
"1859","MLB",2004,0.232302131074342
"1860","MLB",2005,0.223611004763803
"1861","MLB",2006,0.228127570716479
"1862","MLB",2007,0.212326338174472
"1863","MLB",2008,0.215177917347943
"1864","MLB",2009,0.223911182639221
"1865","MLB",2010,0.215299312062392
"1866","MLB",2011,0.21710734130811
"1867","MLB",2012,0.233932313286605
"1868","MLB",2013,0.230411313750971
"1869","MLB",2014,0.211505641850438
"1870","MLB",2015,0.236872140551874
"1871","MLB",2016,0.257836918656724
